Data,ID_Sismografo,Coordenada X,Coordenada Y,Coordenada Z,PPV (T),PPV (V),PPV (L),PVS,t (T),t (V),t (L),TR,a (T),a (V),a (L),d (T),d (V),d (L),F (T),F (V),F (L),PA (dB),Dist. (m)
06/02/2026,Online,"748.500,00","8.932.030,00","264,90","0,1380","0,1250","0,1310","0,1760","0,0830","0,0530","0,0410","0,0850","0,0031","0,0021","0,0024","0,0028","0,0019","0,0028","5,0000","28,0000","22,0000","105,1090","1.575,0000"
10/02/2026,Online,"748.500,00","8.932.030,00","264,90","0,4670","0,5450","0,7240","0,8020",N/A,N/A,N/A,N/A,"0,0210","0,0145","0,0213",N/A,N/A,N/A,"25,0000","83,0000","125,0000","114,7890","1.575,0000"
10/02/2026,Enaex,"744.500,00","8.928.000,00",N/A,"0,1270","0,1270","0,1270","0,1430",N/A,N/A,N/A,N/A,N/A,N/A,N/A,N/A,N/A,N/A,"7,3000","7,3000","7,1000",N/A,"4.278,0000"
10/02/2026,Enaex,"748.975,00","8.931.810,00",N/A,"0,5910","0,6230","0,7570","0,8190",N/A,N/A,N/A,N/A,N/A,N/A,N/A,N/A,N/A,N/A,"7,5000","7,5000","7,3000",N/A,"1.248,3000"
10/02/2026,Enaex,"750.337,00","8.930.806,00",N/A,"0,4570","0,3310","0,4970","0,5980",N/A,N/A,N/A,N/A,N/A,N/A,N/A,N/A,N/A,N/A,"7,3000","7,5000","4,4000",N/A,"1.577,4000"
13/02/2026,Online,"748.500,00","8.932.030,00","264,90","0,3920","0,2940","0,2360","0,4310","0,3840","0,3960","0,3660","0,3840","0,0081","0,0054","0,0065","0,0029","0,0027","0,0035","15,0000","25,0000","18,0000","118,6280","1.911,6000"
13/02/2026,Offline,"750.100,00","8.931.850,00","267,60","0,2290","0,2130","0,5040","0,5080","13,5010","13,4670","12,9660","12,9660","0,0080","0,0080","0,0080","0,0260","0,4020","0,0000","7,3000","7,5000","7,3000",N/A,"2.135,5000"
13/02/2026,Offline,"750.100,00","8.931.850,00","267,60","0,3860","0,2290","0,3780","0,4990","13,5010","13,1110","13,2020","13,2010","0,0100","0,0120","0,0100","0,7830","0,0130","0,6380","7,4000","7,7000","7,2000",N/A,"2.135,5000"
13/02/2026,Enaex,"748.500,00","8.932.030,00",N/A,"0,1270","0,1270","0,1270","0,0950",N/A,N/A,N/A,N/A,N/A,N/A,N/A,N/A,N/A,N/A,"7,5000","7,5000","7,3000",N/A,"4.233,6000"
13/02/2026,Enaex,"750.000,00","8.927.000,00",N/A,"0,4810","0,2290","0,4890","0,5290",N/A,N/A,N/A,N/A,N/A,N/A,N/A,N/A,N/A,N/A,"7,3000","7,5000","7,3000",N/A,"1.585,3000"
13/02/2026,Enaex,"750.300,00","8.926.900,00",N/A,"0,2520","0,2130","0,2920","0,3220",N/A,N/A,N/A,N/A,N/A,N/A,N/A,N/A,N/A,N/A,"7,5000","7,5000","7,5000",N/A,"1.730,8000"
18/02/2026,Online,"748.500,00","8.932.030,00","264,90","0,2410","0,1780","0,1640","0,2670","0,0020","0,1170","0,3600","0,3950","0,0079","0,0045","0,0052","0,0012","0,0015","0,0011","31,0000","24,0000","31,0000","108,0170","1.856,0100"
18/02/2026,Offline,"750.090,00","8.931.850,00","269,70","0,2520","0,2050","0,4260","0,4510","276,3700","276,1720","275,9730","275,9730","0,0080","0,0070","0,0070","0,0410","8,2980","0,0000","7,4000","7,6000","7,3000",N/A,"2.187,7600"
18/02/2026,Offline,"750.090,00","8.931.850,00","269,70","0,3070","0,1810","0,1810","0,3690","276,3890","276,1440","276,0550","276,3890","0,0080","0,0070","0,0080","17,0380","0,0270","13,6930","7,2000","7,6000","7,1000",N/A,"2.187,7600"
18/02/2026,Enaex,"740.000,00","8.928.000,00",N/A,"0,3230","0,1660","0,3230","0,3630",N/A,N/A,N/A,N/A,N/A,N/A,N/A,N/A,N/A,N/A,"7,3000","7,3000","7,3000",N/A,"2.041,6000"
18/02/2026,Enaex,"744.500,00","8.928.000,00",N/A,"0,1270","0,1270","0,1270","0,0740",N/A,N/A,N/A,N/A,N/A,N/A,N/A,N/A,N/A,N/A,"7,3000","7,3000","7,3000",N/A,"4.417,7000"
18/02/2026,Enaex,"750.337,00","8.930.806,00",N/A,"0,1730","0,2130","0,2440","0,2620",N/A,N/A,N/A,N/A,N/A,N/A,N/A,N/A,N/A,N/A,"7,3000","7,3000","7,3000",N/A,"1.472,5000"
20/02/2026,Online,"748.500,00","8.932.030,00","264,90","0,1170","0,0910","0,1480","0,1580","0,4950","0,4030","0,1300","0,1300","0,0022","0,0022","0,0023","0,0011","0,0008","0,0019","16,0000","16,0000","12,0000","114,5470","1.979,6600"
20/02/2026,Offline,"750.060,00","8.931.300,00","290,00","0,7570","0,3860","0,5910","0,7610","97,6190","97,6790","97,6820","97,6190","0,0100","0,0080","0,0100","0,0100","0,0040","4,1200","7,4000","7,7000","7,2000",N/A,"1.393,2000"
20/02/2026,Offline,"750.060,00","8.931.300,00","290,00","0,9460","0,3780","0,7490","0,9550","97,6200","97,2250","97,7330","97,6200","0,0100","0,0070","0,0080","8,1990","4,4090","13,5860","7,3000","7,5000","7,4000",N/A,"1.393,2000"
20/02/2026,Enaex,"750.090,00","8.931.850,00",N/A,"0,1270","0,1270","0,1270","0,0790",N/A,N/A,N/A,N/A,N/A,N/A,N/A,N/A,N/A,N/A,"7,7000","7,3000","7,3000",N/A,"4.431,5000"
20/02/2026,Enaex,"740.000,00","8.928.000,00",N/A,"0,3780","0,2680","0,4490","0,4790",N/A,N/A,N/A,N/A,N/A,N/A,N/A,N/A,N/A,N/A,"1.024,0000","1.024,0000","1.024,0000",N/A,"2.001,5000"
20/02/2026,Enaex,"748.975,00","8.931.810,00",N/A,"0,2600","0,1890","0,3860","0,4380",N/A,N/A,N/A,N/A,N/A,N/A,N/A,N/A,N/A,N/A,"7,5000","7,5000","7,3000",N/A,"1.400,5000"
24/02/2026,Online,"748.500,00","8.932.030,00","264,90","0,0110","0,0100","0,0100","0,0160",N/A,N/A,N/A,N/A,"0,0008","0,0009","0,0009",N/A,N/A,N/A,"11,0000","250,0000","38,0000","103,3140","1.488,4700"
24/02/2026,Offline,"747.900,00","8.931.000,00","290,00","0,1270","0,1270","0,1270","0,1110","0,0380","0,0510","75,3020","75,3010","0,0070","0,0070","0,0080","0,0020","0,0140","2,4010","7,4000","7,7000","7,2000",N/A,"1.025,9300"
24/02/2026,Offline,"747.900,00","8.931.000,00","290,00","0,2360","0,1580","0,3630","0,4540","0,0170","0,1460","0,0020","0,0190","0,0070","0,0070","0,0070","0,0000","0,0000","0,0000","7,2000","7,5000","7,3000",N/A,"1.025,9300"
27/02/2026,Online,"748.500,00","8.932.030,00","264,90","0,6110","0,6710","0,7640","0,8900","0,6880","0,4010","1,0830",N/A,"0,0136","0,0145","0,0177","0,0039","0,0045","0,0083","17,0000","31,0000","36,0000","127,0440","1.454,9400"
27/02/2026,Offline,"749.769,13","8.931.376,65","280,00","0,5750","0,3780","0,8350","0,8470","422,3000","422,8260","422,0180","422,0180","0,0120","0,0120","0,0120","0,0980","0,0170","28,8840","7,4000","7,7000","7,2000",N/A,"1.343,1800"
27/02/2026,Offline,"749.769,13","8.931.376,65","280,00","0,7330","0,4410","0,8200","0,9470","422,2430","421,9380","421,9370","421,9380","0,0100","0,0100","0,0100","31,6500","19,3340","58,2160","7,2000","7,5000","7,3000",N/A,"1.343,1800"
27/02/2026,Enaex,"744.500,00","8.928.000,00",N/A,"0,1580","0,1270","0,1270","0,1770",N/A,N/A,N/A,N/A,N/A,N/A,N/A,N/A,N/A,N/A,"7,3000","7,3000","7,3000",N/A,"4.213,1000"
27/02/2026,Enaex,"750.300,00","8.926.900,00",N/A,"0,5830","0,3780","0,6620","0,6750",N/A,N/A,N/A,N/A,N/A,N/A,N/A,N/A,N/A,N/A,"7,3000","7,5000","7,3000",N/A,"1.727,0000"
27/02/2026,Enaex,"750.000,00","8.927.000,00",N/A,"0,3150","0,1890","0,2760","0,3470",N/A,N/A,N/A,N/A,N/A,N/A,N/A,N/A,N/A,N/A,"7,3000","7,5000","7,3000",N/A,"1.933,7000"